{
  "metrics": {
    "total": 42,
    "ex_rate": 0.5238095238095238,
    "svr": 0.8333333333333334,
    "caa": 0.047619047619047616,
    "avg_latency": 284.0069561061405,
    "pred_source": "agent",
    "data": "verisql\\DataBase\\Bird\\dev_20240627\\dev_tied_append.json"
  }
}