{
  "metrics": {
    "total": 42,
    "ex_rate": 0.5952380952380952,
    "svr": 0.8809523809523809,
    "caa": 0.047619047619047616,
    "avg_latency": 172.15902311461312,
    "pred_source": "agent",
    "data": "verisql\\DataBase\\Bird\\dev_20240627\\dev_tied_append.json"
  }
}